allocated_processors,consumed_energy,execution_time,finish_time,job_id,metadata,requested_number_of_processors,requested_time,starting_time,stretch,submission_time,success,turnaround_time,waiting_time,workload_name
14,-1.000000,161.071004,1161.071064,0,"",1,-1.000000,1000.000060,1.000000,1000.000015,1,161.071049,0.000045,dyn
14,-1.000000,3221.234833,4221.234938,1,"",1,-1.000000,1000.000105,1.000000,1000.000015,1,3221.234923,0.000090,dyn
14,-1.000000,3274.922383,4274.922533,2,"",1,-1.000000,1000.000150,1.000000,1000.000015,1,3274.922518,0.000135,dyn
14,-1.000000,8589.944313,9589.944508,3,"",1,-1.000000,1000.000195,1.000000,1000.000015,1,8589.944493,0.000180,dyn
14,-1.000000,8589.944358,9589.944598,4,"",1,-1.000000,1000.000240,1.000000,1000.000015,1,8589.944583,0.000225,dyn
14,-1.000000,8589.944358,9589.944643,5,"",1,-1.000000,1000.000285,1.000000,1000.000015,1,8589.944628,0.000270,dyn
14,-1.000000,3274.922293,4274.922623,6,"",1,-1.000000,1000.000330,1.000000,1000.000015,1,3274.922608,0.000315,dyn
14,-1.000000,8589.944313,9589.944688,7,"",1,-1.000000,1000.000375,1.000000,1000.000015,1,8589.944673,0.000360,dyn
14,-1.000000,8589.944277,9589.944697,8,"",1,-1.000000,1000.000420,1.000000,1000.000015,1,8589.944682,0.000405,dyn
