{"time": [0, 1161.070682, 4221.235186, 4274.922602, 4274.922624, 9589.944531, 9589.944622, 9589.944667, 9589.944689, 9589.944698], "qb0_disk": [0, 0, 10737418240, 10737418240, 10737418240, 42949672960, 75161927680, 107374182400, 107374182400, 107374182400], "qb1_disk": [0, 1073741824, 1073741824, 33285996544, 65498251264, 65498251264, 65498251264, 65498251264, 65498251264, 65498251264], "storage_server": [0, 205084688384, 205084688384, 205084688384, 205084688384, 205084688384, 205084688384, 205084688384, 205084688384, 205084688384]}