allocated_processors,consumed_energy,execution_time,finish_time,job_id,metadata,requested_number_of_processors,requested_time,starting_time,stretch,submission_time,success,turnaround_time,waiting_time,workload_name
14,-1.000000,161.070621,1161.070681,0,"",1,-1.000000,1000.000060,1.000000,1000.000015,1,161.070666,0.000045,dyn
14,-1.000000,3221.235080,4221.235185,1,"",1,-1.000000,1000.000105,1.000000,1000.000015,1,3221.235170,0.000090,dyn
14,-1.000000,8589.944380,9589.944530,2,"",1,-1.000000,1000.000150,1.000000,1000.000015,1,8589.944515,0.000135,dyn
14,-1.000000,8589.944425,9589.944621,3,"",1,-1.000000,1000.000195,1.000000,1000.000015,1,8589.944606,0.000180,dyn
14,-1.000000,8589.944425,9589.944666,4,"",1,-1.000000,1000.000240,1.000000,1000.000015,1,8589.944651,0.000225,dyn
14,-1.000000,8589.944403,9589.944688,5,"",1,-1.000000,1000.000285,1.000000,1000.000015,1,8589.944673,0.000270,dyn
14,-1.000000,8589.944367,9589.944697,6,"",1,-1.000000,1000.000330,1.000000,1000.000015,1,8589.944682,0.000315,dyn
14,-1.000000,3274.922226,4274.922601,7,"",1,-1.000000,1000.000375,1.000000,1000.000015,1,3274.922586,0.000360,dyn
14,-1.000000,3274.922203,4274.922623,8,"",1,-1.000000,1000.000420,1.000000,1000.000015,1,3274.922608,0.000405,dyn
