{"time": [0, 1053.697152, 1536.881018], "qb0_disk": [0, 0, 10737418240], "qb1_disk": [0, 1073741824, 1073741824], "storage_server": [0, 11811160064, 11811160064]}